{
  "ai": {
    "final_mse": 0.010576223679915713,
    "final_rmse": 0.10284076856925814,
    "final_relative_l2": 0.10286244895612655,
    "final_max_abs": 0.3390596852355052
  },
  "hybrid": {
    "final_mse": 0.007556044316320537,
    "final_rmse": 0.08692551015852905,
    "final_relative_l2": 0.0869438353686105,
    "final_max_abs": 0.3263455291962396
  }
}